{"name":"30e7304d-5b22-474e-980b-2463840b0d11","id":"/providers/Microsoft.Flow/flows/30e7304d-5b22-474e-980b-2463840b0d11","type":"Microsoft.Flow/flows","properties":{"apiId":"/providers/Microsoft.PowerApps/apis/shared_logicflows","displayName":"Weekly Summary Report (Blog)","definition":{"metadata":{"workflowEntityId":null,"flowclientsuspensionreason":"None","flowclientsuspensiontime":null,"creator":{"id":"6ca9b275-0731-48e5-8c5a-9e2ce61db4c9","type":"User","tenantId":"0f3aad69-b078-40b0-8a80-02c4c17837ab"},"provisioningMethod":"FromDefinition","failureAlertSubscription":true,"clientLastModifiedTime":"2021-04-14T11:49:22.6033161Z"},"$schema":"https://schema.management.azure.com/providers/Microsoft.Logic/schemas/2016-06-01/workflowdefinition.json#","contentVersion":"1.0.0.0","parameters":{"$connections":{"defaultValue":{},"type":"Object"},"$authentication":{"defaultValue":{},"type":"SecureObject"}},"triggers":{"Recurrence":{"recurrence":{"frequency":"Week","interval":1,"timeZone":"Singapore Standard Time","startTime":"2021-04-13T22:30:00.000Z","schedule":{"weekDays":["Friday"]}},"type":"Recurrence"}},"actions":{"Get_items":{"runAfter":{},"type":"OpenApiConnection","inputs":{"host":{"apiId":"/providers/Microsoft.PowerApps/apis/shared_sharepointonline","connectionName":"shared_sharepointonline","operationId":"GetItems"},"parameters":{"dataset":"https://bluehoodie.sharepoint.com/sites/BlueHoodie","table":"d1f11289-a99d-4eb8-b09b-17be9d72b4c0"},"authentication":"@parameters('$authentication')"}},"Initialize_variable_to_varHTML":{"runAfter":{"Initialize_variable_to_varStyle":["Succeeded"]},"type":"InitializeVariable","inputs":{"variables":[{"name":"varHTML","type":"string","value":"<table @{variables('varStyle').tableStyle}>\n          <tr>\n               <th @{variables('varStyle').headerStyle}> Cleanliness </th>\n                <th @{variables('varStyle').headerStyle}> Observer Email</th>\n                <th @{variables('varStyle').headerStyle}> Images </th>\n            </tr>\n"}]}},"Apply_to_each":{"foreach":"@outputs('Get_items')?['body/value']","actions":{"Condition":{"actions":{"Append_to_string_variable":{"runAfter":{},"type":"AppendToStringVariable","inputs":{"name":"varHTML","value":"   <tr>\n      <td @{variables('varStyle').cellStyle}>@{items('Apply_to_each')?['Howcleanisthearea_x003f_']}</td>\n       <td @{variables('varStyle').cellStyle}>@{items('Apply_to_each')?['Observer']}</td>\n        <td @{variables('varStyle').cellStyle}>"}},"Get_attachments":{"runAfter":{"Append_to_string_variable":["Succeeded"]},"type":"OpenApiConnection","inputs":{"host":{"apiId":"/providers/Microsoft.PowerApps/apis/shared_sharepointonline","connectionName":"shared_sharepointonline","operationId":"GetItemAttachments"},"parameters":{"dataset":"https://bluehoodie.sharepoint.com/sites/BlueHoodie","table":"d1f11289-a99d-4eb8-b09b-17be9d72b4c0","itemId":"@items('Apply_to_each')?['ID']"},"authentication":"@parameters('$authentication')"}},"Apply_to_each_2":{"foreach":"@outputs('Get_attachments')?['body']","actions":{"Get_file_content_using_path":{"runAfter":{},"type":"OpenApiConnection","inputs":{"host":{"apiId":"/providers/Microsoft.PowerApps/apis/shared_sharepointonline","connectionName":"shared_sharepointonline","operationId":"GetFileContentByPath"},"parameters":{"dataset":"https://bluehoodie.sharepoint.com/sites/BlueHoodie","path":"@items('Apply_to_each_2')?['AbsoluteUri']","inferContentType":true},"authentication":"@parameters('$authentication')"}},"Append_to_string_variable_2":{"runAfter":{"Get_file_content_using_path":["Succeeded"]},"type":"AppendToStringVariable","inputs":{"name":"varHTML","value":" <img src=\"data:image/jpeg;base64, @{outputs('Get_file_content_using_path')?['body'].$content}\" width=\"60\" height=\"60\"></img>"},"description":"outputs('Get_file_content_using_path')?['body'].$content"}},"runAfter":{"Get_attachments":["Succeeded"]},"type":"Foreach"},"Append_to_string_variable_3":{"runAfter":{"Apply_to_each_2":["Succeeded"]},"type":"AppendToStringVariable","inputs":{"name":"varHTML","value":"</td>\n</tr>"}}},"runAfter":{},"else":{"actions":{"Append_to_string_variable_4":{"runAfter":{},"type":"AppendToStringVariable","inputs":{"name":"varHTML","value":"<tr>\n<td @{variables('varStyle').cellStyle}>@{items('Apply_to_each')?['Howcleanisthearea_x003f_']}</td>\n<td @{variables('varStyle').cellStyle}>@{items('Apply_to_each')?['Observer']}</td>\n<td @{variables('varStyle').cellStyle}> </td>\n</tr>"}}}},"expression":{"equals":["@items('Apply_to_each')?['{HasAttachments}']","@true"]},"type":"If"}},"runAfter":{"Initialize_variable_to_varHTML":["Succeeded"]},"type":"Foreach"},"Send_an_email_(V2)":{"runAfter":{"Apply_to_each":["Succeeded"]},"type":"OpenApiConnection","inputs":{"host":{"apiId":"/providers/Microsoft.PowerApps/apis/shared_office365","connectionName":"shared_office365","operationId":"SendEmailV2"},"parameters":{"emailMessage/To":"samseah@bluehoodie.onmicrosoft.com","emailMessage/Subject":"Weekly Summary Report","emailMessage/Body":"<body>\n@{variables('varHTML')}<br>\n</table>\n</body>","emailMessage/Importance":"Normal"},"authentication":"@parameters('$authentication')"}},"Initialize_variable_to_varStyle":{"runAfter":{"Get_items":["Succeeded"]},"type":"InitializeVariable","inputs":{"variables":[{"name":"varStyle","type":"object","value":{"tableStyle":"style=\"border-collapse:collapse;\"","headerStyle":"style=\"font-family:Calibri; padding: 5px; border: 1px solid black;color:#ffffff;background-color:#659DBD;\"","cellStyle":"style=\"font-family:Calibri; padding: 5px; border: 1px solid black;\""}}]}}}},"connectionReferences":{"shared_sharepointonline":{"connectionName":"shared-sharepointonl-c992330a-1ada-4e77-840a-6795d19ca28a","source":"Embedded","id":"/providers/Microsoft.PowerApps/apis/shared_sharepointonline","tier":"NotSpecified"},"shared_office365":{"connectionName":"shared-office365-6313f3d8-75a9-47ef-882a-ea776bdf85a0","source":"Embedded","id":"/providers/Microsoft.PowerApps/apis/shared_office365","tier":"NotSpecified"}},"flowFailureAlertSubscribed":false}}